simulation;output;similarity;length;answer_relevancy;faithfulness;hallucination;correctness
1;Rośliny regulują fotosyntezę dzięki efektom kwantowym, takim jak kwantowa koherencja i transfer elektronów na poziomie molekularnym. W chlorofilach, które pochłaniają światło, kwantowe zjawiska umożliwiają skuteczny i szybki transfer energii między molekułami, co zwiększa efektywność przekształcania światła na energię chemiczną. Dzięki temu rośliny mogą precyzyjnie kontrolować proces fotosyntezy, optymalizując jej przebieg w zależności od warunków świetlnych.;0,7996639;55;1,0;1,0;1,0;0,7477229069168112
2;Rośliny regulują fotosyntezę dzięki efektom kwantowym, takim jak kwantowa koherencja i tunelowanie elektronów, które zwiększają efektywność pochłaniania światła i przekazywania energii. W szczególności, kwantowa koherencja umożliwia roślinom szybkie i skuteczne przesyłanie energii z molekuł pigmentów (np. chlorofilu) do centrów reakcyjnych, minimalizując straty i zwiększając wydajność fotosyntezy nawet przy słabym świetle.;0,6484921;50;1,0;1,0;1,0;0,6932574646724952
3;Rośliny regulują fotosyntezę dzięki efektom kwantowym, takim jak kwantowa koherencja i tunelowanie elektronów. Te zjawiska umożliwiają szybki i skuteczny transfer energii od chlorofilów do centrum reakcyjnego, minimalizując straty i zwiększając efektywność procesu. Dzięki temu rośliny optymalizują pochłanianie światła i przekazywanie energii, co jest kluczowe dla skutecznej fotosyntezy.;0,8204097;47;1,0;0,8571428571428571;1,0;0,45557286749816195
4;Rośliny regulują fotosyntezę dzięki efektom kwantowym, takim jak kwantowa koherencja i tunelowanie elektronów. Te zjawiska umożliwiają efektywny transfer energii od chlorofilów do centrów reakcyjnych, minimalizując straty energii i zwiększając wydajność procesu. Dzięki temu rośliny mogą precyzyjniej kontrolować, kiedy i jak intensywnie przeprowadzają fotosyntezę, dostosowując się do warunków świetlnych i środowiskowych.;0,7732854;50;0,6666666666666666;1,0;1,0;0,42493479914261545
5;Rośliny regulują fotosyntezę dzięki efektom kwantowym, głównie dzięki kwantowemu transferowi elektronów w kompleksach fotosyntetycznych. Podczas pochłonięcia światła, kwanty energii (fotonów) wywołują wzbudzenie chlorofilów, co prowadzi do precyzyjnego i efektywnego przekazywania energii elektronów przez układ kwantowy. To zjawisko minimalizuje straty energii i umożliwia roślinom optymalne wykorzystanie dostępnego światła, poprawiając efektywność fotosyntezy nawet w słabym świetle.;0,74953234;54;0,5555555555555556;1,0;1,0;0,658394453658564
6;Rośliny regulują fotosyntezę dzięki efektom kwantowym, szczególnie poprzez kwantową koherencję i superpozycje stanów elektronów w chlorofilach. Te zjawiska pozwalają na efektywną i szybka transfer energii świetlnej od pigmentów do centrum reakcyjnego, minimalizując straty energii. Dzięki temu rośliny mogą optymalizować wykorzystanie światła, co zwiększa skuteczność fotosyntezy nawet w słabych warunkach świetlnych.;0,7222084;50;0,8;1,0;1,0;0,6632142904950283
7;Rośliny regulują fotosyntezę dzięki efektom kwantowym, takim jak kwantowe tunelowanie i koherencja kwantowa, które poprawiają skuteczność przekazywania energii w fotosyntetycznych kompleksach. Te zjawiska pozwalają na szybkie i efektywne przemieszczanie się energii od pochłoniętych fotonów do centrów reakcyjnych, minimalizując straty i zwiększając wydajność fotosyntezy.;0,7727083;43;1,0;1,0;1,0;0,6593921806328105
8;Rośliny regulują fotosyntezę dzięki efektom kwantowym, takim jak kwantowa koherencja i transport elektronów. W trakcie fotosyntezy, kwantowe zjawiska pomagają w skutecznym przesyłaniu energii od pigmentów do centrów reakcyjnych, minimalizując straty i zwiększając wydajność tego procesu. Dzięki temu rośliny mogą optymalizować pobór światła i efektywnie przekształcać je w energię chemiczną.;0,8275484;49;1,0;1,0;1,0;0,6058826530846522
9;Rośliny regulują fotosyntezę dzięki efektom kwantowym, takim jak kwantowe tunelowanie i koherencja kwantowa, które pomagają w skutecznym przenoszeniu energii od chlorofilu do reakcyjnych centrów. Te zjawiska umożliwiają roślinom zoptymalizowanie procesu wychwytywania światła i minimalizowanie strat energii, co zwiększa efektywność fotosyntezy nawet przy słabym oświetleniu.;0,7834499;44;1,0;1,0;1,0;0,549932680575397
10;Rośliny regulują fotosyntezę dzięki efektom kwantowym, takim jak kwantowa koherencja i tunelowanie elektronów, które poprawiają efektywność przenikania energii słonecznej do centrum reakcyjnego. Dzięki tym zjawiskom fotony są skuteczniej przekazywane do reakcji chemicznych, co pozwala roślinom optymalizować produkcję energii nawet w warunkach słabego oświetlenia.;0,7602649;43;1,0;1,0;1,0;0,5172706737734634
11;Rośliny regulują fotosyntezę dzięki efektom kwantowym, takim jak kwantowa koherencja i kwantowa transportacja energii. W chloroplastach, światło jest pochłaniane przez pigmenty (np. chlorofil), a energia ta przekazywana jest do centrów reakcyjnych. Efekty kwantowe umożliwiają bardzo skuteczny i szybki transfer energii, minimalizując straty i zwiększając wydajność fotosyntezy. Dzięki temu rośliny mogą precyzyjnie kontrolować, jak i kiedy wykorzystać pochłoniętą energię, dostosowując się do zmieniających się warunków świetlnych.;0,7354922;65;1,0;1,0;1,0;0,47065388296424604
12;Rośliny regulują fotosyntezę dzięki efektom kwantowym, głównie poprzez kwantową koherencję i przepływ energii. W chloroplastach, w fotosystemach, kwanty światła (fotonów) są absorbowane przez pigmenty, co wywołuje stan wzbudzony. Efekt kwantowej koherencji pozwala na skuteczny i szybki transfer energii między pigmentami do centrali reakcyjnej, minimalizując straty. Dzięki temu rośliny mogą precyzyjnie kontrolować przepływ energii, optymalizując proces fotosyntezy w zależności od warunków świetlnych i dostępności surowców.;0,6330074;64;1,0;1,0;1,0;0,3812963459599068
13;Rośliny regulują fotosyntezę dzięki efektom kwantowym, głównie poprzez kwantowe korelacje i tunelowanie elektronów w kompleksach fotosyntetycznych. Te zjawiska umożliwiają efektywny transfer energii świetlnej do centrów reakcyjnych, minimalizując straty i zwiększając wydajność procesu. Dzięki temu rośliny mogą optymalnie wykorzystywać dostępne światło, regulując intensywność fotosyntezy w zależności od warunków świetlnych.;0,80728817;48;1,0;1,0;1,0;0,4115905721602019
14;Rośliny regulują fotosyntezę dzięki efektom kwantowym, zwłaszcza poprzez kwantową koherentność i tunelowanie elektronów. W chloroplastach specjalne kompleksy białkowo-pigmentowe, takie jak kompleksy reakcyjne, korzystają z kwantowych efektów, aby efektywniej przekazywać energię świetlną do centrów reakcyjnych. Dzięki temu energia jest szybko i precyzyjnie kierowana, co zwiększa wydajność fotosyntezy nawet w słabych warunkach świetlnych. Efekty kwantowe pomagają również minimalizować straty energii podczas transferu, co optymalizuje cały proces fotosyntezy.;0,69967693;65;0,6666666666666666;1,0;1,0;0,46198869626691386
15;Rośliny regulują fotosyntezę dzięki efektom kwantowym, takim jak kwantowe tunelowanie i kwantowe wglądy, które poprawiają efektywność transferu energii w kompleksach chlorofilowych. Te zjawiska pozwalają na szybkie i precyzyjne przekazywanie energii od absorbowanych fotonów do centrów reakcyjnych, minimalizując straty i dostosowując proces do warunków świetlnych. Dzięki temu rośliny mogą optymalizować fotosyntezę w zmiennych środowiskach świetlnych, korzystając z efektów kwantowych do precyzyjnej regulacji tego procesu.;0,7181446;63;0,75;1,0;1,0;0,5232062228538832
16;Rośliny regulują fotosyntezę dzięki efektom kwantowym, głównie poprzez kwantową koherencję i transport elektronów w fotosystemach. W trakcie fotosyntezy fotony pochłaniane przez chlorofile tworzą stan kwantowej superpości, co pozwala na efektywny i szybki transfer energii do centrum reakcyjnego. Dzięki temu rośliny optymalizują wykorzystanie dostępnego światła i minimalizują straty energii, co zwiększa efektywność fotosyntezy.;0,86081976;52;0,7142857142857143;1,0;0,0;0,38971425871487503
17;Rośliny regulują fotosyntezę, korzystając z efektów kwantowych, głównie z kwantowego transferu energii w kompleksach fotosyntetycznych. Po pochłonięciu światła przez chlorofile, energia jest precyzyjnie przekazywana w formie kwantów, co minimalizuje straty energii i zwiększa efektywność procesu. Mechanizm ten pozwala roślinom optymalizować wykorzystanie dostępnego światła, dostosowując się do warunków środowiskowych i zapewniając skuteczną produkcję cukrów.;0,78445303;53;1,0;1,0;0,0;0,5369162012150547
18;Rośliny regulują fotosyntezę dzięki efektom kwantowym, takim jak kwantowe przejścia i wzmocnienie koherentne, które zwiększają efektywność transferu energii w kompleksach chlorofilowych. Te zjawiska umożliwiają szybki i precyzyjny przekaz energii od pochłoniętego światła do centrów reakcyjnych, co optymalizuje proces fotosyntezy nawet przy słabym oświetleniu.;0,81634533;43;0,625;1,0;1,0;0,5166835641498009
19;Rośliny regulują fotosyntezę, korzystając z efektów kwantowych, głównie z mechanizmu kwantowego przepływu energii. W chloroplastach, w strukturach zwanych kompleksami reakcyjnymi, dochodzi do kwantowego transportu energii świetlnej za pomocą fal kwantowych. Dzięki zjawisku superpozycji i kwantowego skorelowania, energia jest bardzo skutecznie kierowana do miejsca, gdzie zachodzi reakcja chemiczna. To umożliwia roślinom optymalne wykorzystanie światła i regulowanie tempa fotosyntezy w zależności od warunków świetlnych, minimalizując straty energii i zwiększając efektywność procesu.;0,7542912;69;0,5714285714285714;1,0;1,0;0,7332346765029176
20;Rośliny regulują fotosyntezę, korzystając z efektów kwantowych, głównie z kwantowego transportu elektronów. W chloroplastach, podczas absorpcji światła, na molekułach chlorofilu zachodzą zjawiska kwantowego tunelowania i superpozycji stanów, co pozwala na efektywny i szybki transfer energii. Dzięki tym efektom kwantowym rośliny mogą optymalizować wykorzystanie dostępnego światła, minimalizować straty energii i dostosowywać się do zmieniających się warunków świetlnych, co poprawia wydajność fotosyntezy.;0,81078315;60;0,8;1,0;1,0;0,7473452528896644
21;Rośliny regulują fotosyntezę, korzystając z efektów kwantowych, głównie z kwantowego transferu energii. W chlorofilach, które pochłaniają światło, zachodzą kwantowe zjawiska, takie jak superpozycja i korelacja fazowa, umożliwiające efektywny i szybki przesył energii do centrów reakcyjnych. Dzięki temu rośliny mogą optymalizować absorpcję światła i minimalizować straty energii, co poprawia efektywność fotosyntezy nawet w warunkach niskiego nasłonecznienia.;0,8056651;55;1,0;1,0;0,0;0,5958463991379204
22;Rośliny regulują fotosyntezę dzięki efektom kwantowym, głównie poprzez wykorzystanie kwantowego tunelowania i koherencji w chlorofilach. Te zjawiska umożliwiają efektywne przekazywanie energii świetlnej z molekuł pochłaniających do centrów reakcyjnych, minimalizując straty energii i zwiększając skuteczność fotosyntezy. Dzięki temu rośliny mogą optymalizować wykorzystanie dostępnego światła i szybko reagować na zmiany w środowisku świetlnym.;0,7503644;51;1,0;1,0;1,0;0,43466227095235777
23;Rośliny regulują fotosyntezę, korzystając z efektów kwantowych, głównie z kwantowego transportu energii. Podczas fotosyntezy, pochłonięte światło powoduje wzbudzenie elektronów w chlorofilach. Efekty kwantowe, takie jak kwantowe przejścia i superpozycje stanów, umożliwiają efektywny i szybki transfer energii od miejsca pochłonięcia do centrum reakcyjnego. Dzięki temu rośliny mogą optymalizować wykorzystanie dostępnego światła, zwiększając skuteczność fotosyntezy nawet przy słabym oświetleniu.;0,80659115;57;1,0;1,0;1,0;0,6041279787153828
24;Rośliny regulują fotosyntezę dzięki efektom kwantowym, takim jak kwantowa koherencja i tunelowanie elektronów, które poprawiają efektywność przekazywania energii w fotosystemach. Te zjawiska pozwalają na szybkie i precyzyjne kierowanie energii świetlnej do miejsc, gdzie dochodzi do jej przekształcenia na chemiczną, co zwiększa skuteczność fotosyntezy nawet przy słabym świetle.;0,79736984;47;0,75;1,0;0,0;0,49572324671923884
25;Rośliny regulują fotosyntezę dzięki efektom kwantowym, takim jak kwantowa koherencja i tunelowanie elektronów. Koherencja pozwala na efektywne przemieszczanie się energii przez kompleksy fotosyntetyczne, minimalizując straty i zwiększając skuteczność absorpcji światła. Tunelowanie elektronów umożliwia szybkie i skuteczne przekazywanie elektronów w łańcuchu fotosyntetycznym, co pozwala roślinom optymalizować proces w zależności od warunków świetlnych. Te kwantowe zjawiska pomagają roślinom precyzyjnie kontrolować i zwiększać wydajność fotosyntezy.;0,7362166;62;1,0;1,0;1,0;0,4461637856742233
26;Rośliny regulują fotosyntezę dzięki efektom kwantowym, które zwiększają jej wydajność. Kluczową rolę odgrywają kwantowe właściwości fotosyntetycznych pigmentów, takich jak chlorofil, które umożliwiają efektywne transfery energii świetlnej. Zjawiska kwantowe, jak kwantowa koherentność, pozwalają na szybkie i skuteczne przekazywanie energii od miejsca pochłonięcia światła do centrów reakcyjnych, minimalizując straty energii. Dzięki temu rośliny mogą lepiej wykorzystywać dostępne światło, co poprawia efektywność fotosyntezy nawet w warunkach słabego oświetlenia.;0,7036768;65;1,0;1,0;1,0;0,7187189673404274
27;Rośliny regulują fotosyntezę dzięki efektom kwantowym, głównie poprzez kwantową koherencję i kwantowe tunelowanie. Koherencja pozwala na skuteczny transfer energii od chlorofilów do centrów reakcyjnych, minimalizując straty. Efekty te umożliwiają roślinom optymalne wykorzystanie światła, zwiększając efektywność fotosyntezy nawet przy słabym oświetleniu.;0,83129925;40;0,8333333333333334;1,0;1,0;0,5822673437643835
28;Rośliny regulują fotosyntezę dzięki efektom kwantowym, głównie poprzez kwantowe właściwości fotonów i ich oddziaływanie z pigmentami w chloroplastach. Na poziomie kwantowym, fotony są absorbowane przez chlorofil, co prowadzi do powstania stanów wzbudzonych. Efekty kwantowe, takie jak korelacje między stanami wzbudzonymi czy kwantowa koherencja, pomagają roślinom efektywniej przekazywać energię od miejsca absorpcji do centrum reakcyjnego, minimalizując straty energii i zwiększając skuteczność fotosyntezy. Dzięki temu rośliny mogą lepiej regulować proces fotosyntezy w różnych warunkach świetlnych.;0,6331128;73;0,8;1,0;1,0;0,4268973059351532
29;Rośliny regulują fotosyntezę dzięki efektom kwantowym, głównie poprzez kwantową koherencję i kwantowe przenikanie. W chloroplastach, fotony są absorbowane przez chlorofil, co wywołuje kwantowe superpozycje stanów energetycznych. Ta koherencja pozwala na efektywne i szybkie przekazywanie energii do centrów reakcyjnych, minimalizując straty i zwiększając efektywność fotosyntezy. Dzięki temu rośliny mogą precyzyjnie kontrolować procesy konwersji energii słonecznej na chemiczną, reagując na zmieniające się warunki świetlne i środowiskowe.;0,728545;64;1,0;1,0;1,0;0,47887446442741954
30;Rośliny regulują fotosyntezę dzięki efektom kwantowym, takim jak kwantowa koherencja i kwantowe transport elektronów. Te zjawiska pozwalają na skuteczniejsze i szybsze przekazywanie energii świetlnej od chlorofilów do reakcyjnych centrów fotosyntetycznych, minimalizując straty energii. Dzięki temu rośliny mogą efektywniej wykorzystywać dostępne światło, dostosowując proces fotosyntezy do warunków środowiskowych.;0,84732187;47;1,0;1,0;1,0;0,5774043718713743
31;Rośliny regulują fotosyntezę dzięki efektom kwantowym, takim jak kwantowa koherencja i transfer energii. W trakcie fotosyntezy, fotony pochłaniane przez chlorofil wywołują stan kwantowy, który umożliwia efektywny i szybki transfer energii do centralnego kompleksu reakcyjnego. Koherencja kwantowa pomaga w optymalnym wyborze ścieżek transferu energii, minimalizując straty i zwiększając skuteczność fotosyntezy. Dzięki temu rośliny mogą efektywniej przekształcać światło słoneczne w energię chemiczną.;0,7797587;60;1,0;1,0;1,0;0,5132811243555431
32;Rośliny regulują fotosyntezę dzięki efektom kwantowym, głównie poprzez kwantową koherencję i kwantową tunelację, które umożliwiają efektywniejszy transfer energii od chlorofilów do centrum reakcyjnego. Koherencja kwantowa pozwala na synchronizację stanów energetycznych, co zwiększa skuteczność wychwytywania i przekazywania światła, a tunelowanie kwantowe ułatwia przejście elektronów przez bariery energetyczne. Dzięki temu rośliny mogą optymalizować proces fotosyntezy, maksymalizując uzysk energii nawet w warunkach słabego oświetlenia.;0,71823275;61;1,0;1,0;0,0;0,4299870064257729
33;Rośliny regulują fotosyntezę dzięki efektom kwantowym, takim jak kwantowe przejścia elektronowe i kwantowa koherencja. Elektrony w chlorofilach mogą szybko i skutecznie przełączać się między stanami, co zwiększa efektywność pochłaniania światła i przekazywania energii do reakcji chemicznych. Koherencja kwantowa umożliwia roślinom optymalne korzystanie z dostępnego światła, co poprawia wydajność fotosyntezy nawet w słabym świetle. Dzięki tym efektom rośliny mogą precyzyjnie regulować procesy energetyczne, dostosowując je do warunków środowiskowych.;0,6789559;67;0,875;1,0;1,0;0,5765806558765243
34;Rośliny regulują fotosyntezę dzięki efektom kwantowym, zwłaszcza poprzez zjawiska kwantowej koherencji i tunelowania. Koherencja kwantowa umożliwia efektywne przekazywanie energii od chlorofilu do centrów reakcyjnych, minimalizując straty i poprawiając wydajność. Tunelowanie kwantowe pozwala na szybkie przejścia elektronów przez bariery energetyczne w procesie przekształcania energii świetlnej w chemiczną, co zwiększa skuteczność fotosyntezy. W ten sposób rośliny wykorzystują zjawiska kwantowe do optymalizacji procesu konwersji energii.;0,67368615;62;1,0;1,0;1,0;0,41449740261799306
35;Rośliny regulują fotosyntezę dzięki efektom kwantowym, głównie poprzez kwantową koherencję i transport elektronów. W chloroplastach, światło pobudza pigmenty, co powoduje kwantowe superpozycje stanów energetycznych. To pozwala na skuteczniejszy i szybszy transfer energii do centrów reakcyjnych, minimalizując straty. Dzięki temu rośliny optymalizują wykorzystanie światła i efektywnie regulują proces fotosyntezy w zależności od warunków świetlnych.;0,813729;53;1,0;1,0;1,0;0,3604179338665299
36;Rośliny regulują fotosyntezę dzięki efektom kwantowym, głównie poprzez wykorzystanie kwantowego tunelowania i koherencji w procesie przemieszczania się elektronów i energii świetlnej. Po pochłonięciu światła przez chlorofil, kwantowe zjawiska pozwalają na skuteczne i szybkie przekazywanie energii do centrum reakcyjnego, minimalizując straty i poprawiając efektywność fotosyntezy. Dzięki temu rośliny optymalnie wykorzystują dostępne światło, zwiększając produkcję energii chemicznej.;0,77283514;55;1,0;1,0;1,0;0,6555138603368809
37;Rośliny regulują fotosyntezę dzięki efektom kwantowym, takim jak kwantowe przejścia elektronów i kwantowe tunelowanie. W chloroplastach, w reakcjach świetlnych, fotony wywołują wzbudzenie elektronów, które następnie przemieszczają się przez sieć białek (np. kompleksy fotosyntetyczne). Efekty kwantowe zapewniają wysoką efektywność tego procesu poprzez korelacje kwantowe, minimalizując straty energii i optymalizując przekazywanie elektronów. Dzięki temu rośliny mogą precyzyjnie dostosować intensywność i tempo fotosyntezy do warunków świetlnych, co pozwala na efektywniejsze wykorzystanie dostępnej energii słonecznej.;0,7104293;71;1,0;1,0;1,0;0,7622506110531148
38;Rośliny regulują fotosyntezę dzięki efektom kwantowym, takim jak kwantowe tunelowanie i koherentne transfery energii. W chloroplastach, po pochłonięciu światła, energia fotonów jest przekazywana bardzo efektywnie dzięki kwantowym zjawiskom, co pozwala na szybki i precyzyjny transfer energii do centrów reakcyjnych. Te efekty zwiększają wydajność fotosyntezy, umożliwiając roślinom optymalne wykorzystanie dostępnego światła.;0,81329423;50;0,75;1,0;1,0;0,6115392102970401
39;Rośliny regulują fotosyntezę, korzystając z efektów kwantowych, głównie z kwantowego transferu energii. W chlorofilach, które pochłaniają światło, zachodzi zjawisko kwantowego przełączania energii (tzw. kwantowego rozpraszania i transferu). Dzięki temu energia świetlna jest precyzyjnie przekazywana do centrali reakcyjnej fotosystemu, minimalizując straty i zapewniając optymalną wydajność fotosyntezy. Efekty kwantowe pomagają więc roślinom w efektywnym wykorzystywaniu światła i regulowaniu procesu fotosyntezy w zależności od warunków świetlnych.;0,7721764;63;1,0;1,0;0,0;0,41342143162557826
40;Rośliny regulują fotosyntezę dzięki efektom kwantowym, takim jak kwantowa koherencja i kwantowe tunelowanie, które zwiększają efektywność transferu energii w chloroplastach. Dzięki tym zjawiskom energia pochłonięta przez pigmenty (np. chlorofil) jest szybko i precyzyjnie przekazywana do centrum reakcyjnego, minimalizując straty i umożliwiając roślinom optymalne wykorzystanie światła do produkcji cukrów.;0,6222112;48;0,8;1,0;1,0;0,46997883866668066
41;Rośliny regulują fotosyntezę, korzystając z efektów kwantowych, takich jak kwantowa korelacja i superpozycje stanów, które umożliwiają bardzo efektywne transfery energii od chlorofilów do centrów reakcyjnych. Dzięki tym zjawiskom, energia pochłonięta przez pigmenty jest szybko i skutecznie przekazywana, minimalizując straty, co pozwala roślinom optymalizować proces fotosyntezy nawet w słabym świetle.;0,7045565;49;1,0;1,0;0,0;0,5430938958993685
42;Rośliny regulują fotosyntezę dzięki efektom kwantowym, głównie poprzez kwantową koherentność i kwantową przełączalność w systemach fotosyntetycznych. Te efekty umożliwiają skuteczniejsze przenikanie energii od chlorofilów do centrum reakcyjnego, minimalizując straty energii i zwiększając wydajność procesu. Dzięki nim rośliny optymalizują pochłanianie światła i przekazywanie energii, co pozwala na efektywniejszą fotosyntezę nawet w warunkach słabego oświetlenia.;0,7818352;53;0,8571428571428571;1,0;0,0;0,5325744179584634
43;Rośliny regulują fotosyntezę dzięki efektom kwantowym, takim jak kwantowa koherencja i kwantowa tunelacja, które poprawiają efektywność przekazywania energii w chlorofilach. Dzięki tym zjawiskom energia światła jest szybciej i bardziej precyzyjnie przekazywana do reakcji chemicznych, co pozwala roślinom optymalnie reagować na zmieniające się warunki świetlne i regulować tempo fotosyntezy.;0,78417873;48;1,0;1,0;1,0;0,5031959623830168
44;Rośliny regulują fotosyntezę dzięki efektom kwantowym, głównie poprzez kwantową koherencję i tzw. kwantowe przejścia elektronowe w fotosystemach. Te efekty umożliwiają efektywny transfer energii światła na centrum reakcyjne, minimalizując straty energii i zwiększając skuteczność fotosyntezy. Dzięki temu rośliny mogą precyzyjnie dostosować się do zmieniających się warunków świetlnych i optymalizować proces przekształcania energii słonecznej w chemiczną.;0,7945931;54;0,75;1,0;1,0;0,4274883645500373
45;Rośliny regulują fotosyntezę dzięki efektom kwantowym, głównie poprzez kwantowe właściwości fotosyntezy, takie jak kwantowa koherencja i superpozycje stanów elektronów w chlorofilach. Te zjawiska umożliwiają efektywny i szybki transfer energii świetlnej z molekuł światłoczułych do centrów reakcyjnych, minimalizując straty energii. Dzięki temu rośliny mogą precyzyjnie kontrolować przepływ energii w procesie fotosyntezy, zwiększając jej wydajność nawet w słabych warunkach świetlnych.;0,7966894;58;0,625;1,0;1,0;0,5860391274756134
46;Rośliny regulują fotosyntezę dzięki efektom kwantowym, głównie poprzez kwantową koherencję i superpozycje stanów elektronów w chlorofilach. Te zjawiska pozwalają na skuteczniejsze i szybsze przesyłanie energii świetlnej od miejsc jej pochłaniania do centrów reakcyjnych, minimalizując straty energii. Dzięki temu rośliny optymalizują wykorzystanie światła, co zwiększa efektywność fotosyntezy nawet w słabych warunkach świetlnych.;0,79694307;51;0,75;1,0;0,0;0,46698365477368736
47;Rośliny regulują fotosyntezę dzięki efektom kwantowym, takim jak kwantowa koherencja i kwantowe zjawiska transportu energii. W chlorofilach, które pochłaniają światło, kwantowe efekty umożliwiają szybkie i skuteczne przesyłanie energii od miejsca pochłonięcia do centrum reakcyjnego, minimalizując straty. Dzięki temu rośliny mogą optymalizować wykorzystanie dostępnego światła, dostosowując się do zmieniających się warunków świetlnych i regulując tempo fotosyntezy dla efektywnej produkcji cukrów.;0,80972564;59;0,8;1,0;0,0;0,45919387476299695
48;Rośliny regulują fotosyntezę, korzystając z efektów kwantowych, głównie z zjawiska kwantowego transferu energii. W chloroplastach, po pochłonięciu światła, energia jest przenoszona na centralki reakcyjne za pomocą superpozycji stanów kwantowych, co umożliwia szybki i efektywny transfer energii do miejsca, gdzie zachodzi reakcja chemiczna. Ta kwantowa koherencja pozwala roślinom optymalizować wykorzystanie światła i dostosować intensywność fotosyntezy do warunków świetlnych, poprawiając efektywność procesu.;0,79337484;60;1,0;1,0;1,0;0,42371484069408655
49;Rośliny regulują fotosyntezę dzięki efektom kwantowym, głównie poprzez kwantowy efekt tunelowania i kwantową koherencję. W fotonach i chlorofilach zachodzi zjawisko kwantowej koherencji, które pozwala na efektywny transfer energii od pochłoniętego światła do centrum reakcyjnego. Koherencja umożliwia roślinom wybieranie najefektywniejszych ścieżek transferu energii i minimalizację strat, co zwiększa skuteczność fotosyntezy. Dzięki temu rośliny mogą szybciej i efektywniej reagować na zmieniające się warunki świetlne, optymalizując produkcję energii chemicznej.;0,7559171;66;1,0;1,0;1,0;0,46469788251313265
50;Rośliny regulują fotosyntezę korzystając z efektów kwantowych, głównie z zjawiska kwantowego przełączania stanów elektronów i kwantowego transportu energii. W chlorofilach, które pochłaniają światło, kwanty światła (fotonów) wywołują wzbudzenie elektronów do wyższych stanów. Dzięki zjawiskom kwantowym, takim jak kwantowy przełącznik stanów i koherentny transport energii, energia ta jest bardzo efektywnie przekazywana do centrum reakcyjnego, minimalizując straty. To pozwala roślinom precyzyjnie regulować i optymalizować proces fotosyntezy w zależności od dostępności światła i warunków środowiskowych.;0,75573933;72;1,0;1,0;1,0;0,5051752824999742
51;Rośliny regulują fotosyntezę poprzez efekty kwantowe, głównie dzięki kwantowej koherencji i kwantowemu tunelowaniu. Koherencja pozwala na skuteczniejszy transfer energii przez system fotosyntetyczny, minimalizując straty i wybierając najbardziej efektywne ścieżki. Natomiast tunelowanie kwantowe umożliwia szybkie i efektywne przekazywanie elektronów w reakcji fotosyntezy. Dzięki tym efektom rośliny optymalizują wychwytywanie światła i przekształcanie energii słonecznej w chemiczną, co zwiększa ich wydajność fotosyntezy nawet w słabych warunkach świetlnych.;0,7221793;64;1,0;1,0;1,0;0,587561788360508
52;Rośliny regulują fotosyntezę, korzystając z efektów kwantowych, głównie z kwantowego tunelowania i koherentnych procesów w chlorofilach. Te zjawiska pozwalają na skuteczniejsze przesyłanie energii świetlnej do centrum reakcyjnego, minimalizując straty energii. Dzięki temu rośliny mogą efektywniej wykorzystywać światło, co zwiększa wydajność fotosyntezy nawet przy słabym oświetleniu.;0,7955811;45;1,0;1,0;0,0;0,4095430825243497
53;Rośliny regulują fotosyntezę dzięki efektom kwantowym, które umożliwiają skuteczniejsze pochłanianie światła i przekazywanie energii. w specjalnych białkach fotosyntetycznych, takich jak kompleksy chlorofilowe, zachodzą kwantowe efekty superpozycji i tunelowania, co pozwala na szybkie i efektywne transfery elektronów oraz energii światła. To zjawisko zwiększa wydajność fotosyntezy, umożliwiając roślinom optymalne wykorzystanie dostępnego światła nawet w warunkach słabego nasłonecznienia.;0,7705772;55;0,8888888888888888;1,0;1,0;0,37995964124071735
54;Rośliny regulują fotosyntezę dzięki efektom kwantowym, głównie poprzez zjawisko kwantowej koherencji. W fotonach i kompleksach fotosyntetycznych zachodzi zjawisko superpozycji stanów kwantowych, które pozwala na efektywne i szybkie przesyłanie energii od chlorofilów do centrów reakcyjnych. Ta kwantowa koherencja zwiększa wydajność absorpcji światła i minimalizuje straty energii, co pozwala roślinom precyzyjnie dostosować proces fotosyntezy do zmiennych warunków świetlnych.;0,7976023;56;1,0;1,0;1,0;0,3712922156133002
55;Rośliny regulują fotosyntezę dzięki efektom kwantowym, takim jak kwantowa koherencja i kwantowe tunelowanie, które poprawiają efektywność przenikania energii słonecznej do reakcji chemicznych. Dzięki tym efektom, energia fotonów jest szybciej i skuteczniej przekazywana do centrów reakcyjnych, co pozwala na lepszą regulację procesu fotosyntezy w zależności od dostępności światła i warunków środowiskowych.;0,7587284;50;1,0;1,0;1,0;0,6460399270564544
56;Rośliny regulują fotosyntezę, korzystając z efektów kwantowych, głównie z kwantowego efektu koherencji i superpozycji. W chloroplastach, podczas pochłaniania światła, elektrony mogą wchodzić w stan superpozycji, co pozwala na szybkie i efektywne przekazywanie energii do miejsca reakcji. Dzięki temu rośliny mogą maksymalizować wykorzystanie dostępnego światła, minimalizując straty energii i zwiększając skuteczność fotosyntezy. Efekty kwantowe pomagają więc roślinom optymalizować proces przechwytywania i transferu energii świetlnej na poziomie molekularnym.;0,71985894;66;0,875;1,0;1,0;0,3982867993128825
57;Rośliny regulują fotosyntezę dzięki efektom kwantowym, głównie poprzez kwantową koherencję i tunelowanie elektronów w fotosystemach. Te zjawiska umożliwiają efektywny transfer energii światła do centrów reakcyjnych, maksymalizując wydajność procesu. Dzięki temu rośliny mogą szybciej i skuteczniej wykorzystywać dostępne światło słoneczne, co poprawia ich zdolność do produkcji pokarmu.;0,797381;46;0,8333333333333334;1,0;1,0;0,5641155099007259
58;Rośliny regulują fotosyntezę, korzystając z efektów kwantowych, głównie z kwantowego koherencji i tunelowania elektronów. W fotosyntezie, światło jest absorbowane przez chlorofil, co powoduje powstanie stanów kwantowych, które umożliwiają efektywny transfer energii. Koherencja kwantowa pozwala na szybkie i skuteczne przekazywanie energii między cząsteczkami, minimalizując straty. Dzięki temu rośliny mogą optymalizować proces fotosyntezy, dostosowując się do zmieniających się warunków świetlnych i zapewniając maksymalną produkcję energii.;0,76590794;63;1,0;1,0;1,0;0,39448843556680857
59;Rośliny regulują fotosyntezę dzięki efektom kwantowym, takim jak kwantowe przewodnictwo i tunelowanie elektronów. W chloroplastach, dzięki zjawiskom kwantowym, dochodzi do skuteczniejszego transferu energii światła do reaktywnych miejsc, co zwiększa efektywność pochłaniania światła i konwersji energii. Te efekty umożliwiają roślinom optymalne wykorzystanie dostępnego światła, regulując szybkość i skuteczność fotosyntezy w zależności od warunków środowiskowych.;0,7258269;53;0,6666666666666666;1,0;0,0;0,4110788152973016
60;Rośliny regulują fotosyntezę dzięki efektom kwantowym, takim jak kwantowa koherencja i tunelowanie elektronów. Koherencja pozwala na efektywne przemieszczanie się energii przez kompleksy fotosyntetyczne, minimalizując straty i wybierając najefektywniejsze ścieżki. Tunelowanie elektronów umożliwia szybkie i skuteczne przenikanie przez bariery energetyczne, co zwiększa wydajność procesu fotosyntezy. Dzięki tym efektom kwantowym rośliny mogą optymalizować konwersję światła na energię chemiczną, dostosowując się do zmieniających się warunków świetlnych.;0,71039915;63;0,6;1,0;0,0;0,4871202971676147
61;Rośliny regulują fotosyntezę dzięki efektom kwantowym, takim jak kwantowa koherencja i transfer elektronów. W trakcie fotosyntezy światło pochłonięte przez chloroplasty powoduje powstanie ekscytacji kwantowych, które umożliwiają efektywny i szybki transfer energii do centrów reakcyjnych. Koherencja kwantowa pomaga roślinom optymalizować ścieżki transferu energii, minimalizując straty i zwiększając skuteczność procesu fotosyntezy w różnych warunkach świetlnych.;0,76749575;53;1,0;1,0;1,0;0,5294978182992338
62;Rośliny regulują fotosyntezę, korzystając z efektów kwantowych, głównie z zjawiska kwantowego transportu energii. W chloroplastach, specjalne kompleksy białkowe przechwytują światło i wprowadzają energię fotonów do systemu transportu elektronów. Dzięki zjawisku kwantowego rozszczepienia stanu superpozycji, energia ta może skuteczniej i szybciej przemieszczać się do centrum reakcyjnego, minimalizując straty energii. To pozwala roślinom optymalnie kontrolować intensywność i efektywność fotosyntezy, reagując na zmienne warunki świetlne, co poprawia ich zdolność do produkcji pokarmu.;0,7568652;69;1,0;1,0;1,0;0,4774292395870014
63;Rośliny regulują fotosyntezę za pomocą efektów kwantowych, głównie przez koherentne przenikanie energii i kwantowe przełączanie stanów. W chlorofilach, które pochłaniają światło, kwantowe efekty pozwalają na szybkie i efektywne przekazywanie energii od miejsca pochłonięcia do centrum reakcyjnego, minimalizując straty energii. Dzięki temu rośliny mogą precyzyjnie kontrolować, kiedy i jak intensywnie przeprowadzają fotosyntezę, dostosowując się do warunków świetlnych i optymalizując produkcję energii.;0,7659837;60;0,625;1,0;1,0;0,5573059262466848
64;Rośliny regulują fotosyntezę, korzystając z efektów kwantowych, głównie z kwantowego transferu energii. W chlorofilach i innych pigmentach fotosyntetycznych dochodzi do zjawiska kwantowego superpozycji i kwantowego transferu elektronów, co pozwala na maksymalne wykorzystanie energii światła. Dzięki temu rośliny mogą efektywnie kierować energię do najbardziej optymalnych ścieżek reakcyjnych, minimalizując straty i zwiększając skuteczność fotosyntezy.;0,72859263;52;0,5714285714285714;1,0;0,0;0,507833695793745
65;Rośliny regulują fotosyntezę dzięki efektom kwantowym, głównie poprzez kwantową koherencję i transfer energii w kompleksach fotosyntetycznych. Po pochłonięciu światła, kwanty energii (fotonów) są szybko i skutecznie przekazywane przez układy białkowe do centrów reakcyjnych. Efekty kwantowe umożliwiają wybór najbardziej efektywnych ścieżek transferu energii, minimalizując straty i zwiększając wydajność fotosyntezy. Dzięki temu rośliny mogą optymalizować wykorzystanie światła nawet w warunkach słabego oświetlenia.;0,7509908;60;0,8181818181818182;1,0;1,0;0,46437971552671514
66;Rośliny regulują fotosyntezę dzięki efektom kwantowym, takim jak kwantowa koherencja i tunelowanie elektronów, które poprawiają efektywność przenikania energii w fotosyntetycznych kompleksach. Te zjawiska umożliwiają szybkie i skuteczne przekazywanie energii od chlorofilów do centrów reakcyjnych, co pozwala roślinom maksymalizować produkcję energii nawet w słabych warunkach świetlnych.;0,7764179;45;1,0;1,0;1,0;0,6180595485505868
67;Rośliny regulują fotosyntezę dzięki efektom kwantowym, głównie poprzez kwantowe tunelowanie i koherentne transfery elektronów w fotonach i chlorofilach. Te zjawiska pozwalają na efektywniejsze i szybsze przekazywanie energii od pochłoniętego światła do centrów reakcyjnych, minimalizując straty i poprawiając wydajność fotosyntezy nawet w słabym świetle. W ten sposób efekty kwantowe pomagają roślinom optymalizować proces fotosyntezy w zmiennych warunkach środowiskowych.;0,77213633;57;0,8;1,0;1,0;0,5530277561624708
68;Rośliny regulują fotosyntezę, korzystając z efektów kwantowych, takich jak kwantowa koherencja i tunelowanie elektronów. W chlorofilach, podczas pochłaniania światła, kwantowe efekty umożliwiają szybkie i skuteczne przekazywanie energii na centrum reakcyjne, minimalizując straty. Dzięki temu rośliny optymalizują proces fotosyntezy, maksymalizując wydajność konwersji światła na energię chemiczną.;0,7882017;45;0,6;1,0;0,0;0,5952769326792475
69;Rośliny regulują fotosyntezę dzięki efektom kwantowym, głównie poprzez zjawisko kwantowego transportu elektronów. W chloroplastach, specjalne kompleksy błyśnią dzięki kwantowemu zjawisku superpozycji, co pozwala na efektywny i szybki przesył elektronów od pigmentów (np. chlorofilu) do centrum reakcyjnego. To kwantowe zjawisko zwiększa skuteczność absorpcji światła i jego konwersji na energię chemiczną, umożliwiając roślinom precyzyjną regulację procesu fotosyntezy w odpowiedzi na dostępność światła i inne czynniki środowiskowe.;0,6913824;64;0,7142857142857143;1,0;1,0;0,38666759444763726
70;Rośliny regulują fotosyntezę dzięki efektom kwantowym, takim jak kwantowa koherencja i tunelowanie elektronów, które poprawiają efektywność przenikania energii światła i jej transferu do centrów reakcyjnych. Dzięki tym efektom, energia pochłonięta przez pigmenty jest szybciej i skuteczniej przekazywana, co pozwala roślinom optymalizować proces fotosyntezy nawet przy słabym świetle.;0,7485465;47;1,0;1,0;1,0;0,3767213241684899
71;Rośliny regulują fotosyntezę dzięki efektom kwantowym, głównie poprzez wykorzystanie kwantowego transportu elektronów i energii. W fotosystemach, światło pochłonięte przez chlorofil powoduje powstanie stanów kwantowych, które umożliwiają niemal natychmiastowe i wydajne przekazywanie energii do centrów reakcyjnych. Ten kwantowy efekt superpozycji i koherencji pomaga zoptymalizować transfer energii, minimalizując straty i dostosowując się do zmieniających się warunków świetlnych. W ten sposób rośliny mogą precyzyjnie regulować intensywność i skuteczność fotosyntezy, korzystając z właściwości kwantowych procesów.;0,75820404;71;1,0;1,0;1,0;0,7605782653670967
72;Rośliny regulują fotosyntezę dzięki efektom kwantowym, głównie poprzez kwantową koherencję i tunelowanie elektronów w chlorofilach. Te zjawiska pozwalają na skuteczniejsze i szybsze przekazywanie energii z absorbowanych fotonów do centrów reakcyjnych, minimalizując straty energii. W efekcie rośliny mogą precyzyjniej kontrolować proces fotosyntezy, optymalizując produkcję energii zależnie od warunków świetlnych.;0,76516914;48;1,0;1,0;1,0;0,5142045625499684
73;Rośliny regulują fotosyntezę korzystając z efektów kwantowych, głównie zjawiska kwantowego transferu energii w chlorofilach. W chloroplastach, podczas pochłaniania światła, elektronów zachodzi kwantowy rozkład energii, co pozwala na skuteczny i szybki transfer energii do centrów reakcyjnych. Efekt kwantowego przejścia minimalizuje straty energii i umożliwia roślinom optymalne wykorzystanie dostępnego światła, dostosowując intensywność i efektywność fotosyntezy do warunków świetlnych.;0,7886514;56;0,8571428571428571;1,0;1,0;0,6642124112272324
74;Rośliny regulują fotosyntezę dzięki efektom kwantowym, głównie poprzez kwantową koherencję i kwantowe tunelowanie. W chlorofilach i innych pigmentach zachodzą kwantowe zjawiska, które umożliwiają efektywne przekazywanie energii świetlnej do centrów reakcyjnych. Koherencja kwantowa pozwala na szybkie i precyzyjne wyłuskiwanie najefektywniejszych ścieżek transferu energii, co zwiększa efektywność fotosyntezy nawet w słabym świetle. Dzięki temu rośliny mogą optymalizować proces fotosyntezy, dostosowując się do zmiennych warunków świetlnych.;0,6748989;63;0,625;1,0;0,0;0,44292774851276817
75;Rośliny regulują fotosyntezę dzięki efektom kwantowym, które wpływają na efektywność pochłaniania światła i transportu energii. Kluczowym zjawiskiem jest kwantowa koherencja, umożliwiająca szybkie i skuteczne przesyłanie energii od chlorofilu do centrum reakcyjnego. Dzięki temu rośliny mogą optymalizować wykorzystanie dostępnego światła, poprawiając wydajność fotosyntezy nawet przy zmiennych warunkach oświetleniowych.;0,86724675;47;1,0;1,0;1,0;0,4370920234161435
76;Rośliny regulują fotosyntezę dzięki efektom kwantowym, głównie poprzez korzystanie z kwantowego zjawiska zwane kwantowym rozpraszaniem i superpozycją stanów. W chlorofilach, które pochłaniają światło, kwantowe efekty pomagają w precyzyjnym przekazywaniu energii od miejsca pochłonięcia do centrum reakcyjnego, minimalizując straty energii i zwiększając efektywność procesu. Dzięki temu rośliny mogą optymalnie wykorzystywać dostępne światło i regulować tempo fotosyntezy w zależności od warunków świetlnych.;0,7473551;60;1,0;1,0;1,0;0,7154426630133193
77;Rośliny regulują fotosyntezę dzięki efektom kwantowym, takim jak kwantowa koherencja i tunelowanie elektronów. W trakcie fotosyntezy, kwantowe zjawiska pomagają w skutecznym transferze energii od chlorofilów do reakcyjnych centrów fotosyntetycznych, minimalizując straty energii i zwiększając jej efektywne wykorzystanie. Dzięki temu rośliny mogą optymalnie reagować na zmienne warunki świetlne i efektywnie przeprowadzać proces fotosyntezy.;0,777365;52;1,0;1,0;1,0;0,5372343043083715
78;Rośliny regulują fotosyntezę dzięki efektom kwantowym, takim jak kwantowa koherencja i tunelowanie elektronów, które zwiększają efektywność pochłaniania światła i przekazywania energii. Te zjawiska umożliwiają szybkie i precyzyjne kierowanie energii z molekuł pigmentowych do centrów reakcyjnych, co optymalizuje proces fotosyntezy nawet w warunkach słabego światła.;0,7509067;44;0,7142857142857143;1,0;0,0;0,4457896906818847
79;Rośliny regulują fotosyntezę korzystając z efektów kwantowych, głównie z kwantowego tunelowania i koherencji. W chlorofilach, które pochłaniają światło, zachodzą zjawiska kwantowe umożliwiające efektywną transfer energii od miejsca pochłonięcia do centrum reakcyjnego. Koherencja kwantowa pozwala na szybkie i precyzyjne wybranie najefektywniejszej ścieżki transferu energii, co zwiększa skuteczność fotosyntezy. Dzięki temu rośliny mogą optymalizować proces konwersji światła na energię chemiczną, dostosowując się do zmieniających się warunków świetlnych.;0,7551699;65;0,75;1,0;1,0;0,6993799529049067
80;Rośliny regulują fotosyntezę dzięki efektom kwantowym, głównie poprzez kwantowe przejścia i korelacje w kompleksach fotosyntetycznych. Na poziomie molekularnym, fotony pochłaniane przez chlorofile wywołują kwantowe superpozycje stanów, co umożliwia efektywny transfer energii do centrów reakcyjnych. Te efekty kwantowe poprawiają wydajność i szybkość przesyłu energii, pozwalając roślinom precyzyjnie kontrolować proces fotosyntezy w odpowiedzi na warunki środowiskowe, takie jak dostępność światła.;0,81049776;58;1,0;1,0;1,0;0,3801980824309237
81;Rośliny regulują fotosyntezę dzięki efektom kwantowym, głównie poprzez kwantową koherencję i tunelowanie elektronów w fotosystemach. Te zjawiska pozwalają na skuteczniejsze i szybsze przenikanie elektronów od chlorofilu do akceptorów, co zwiększa efektywność pochłaniania światła i przekształcania energii świetlnej w chemiczną. Dzięki temu rośliny mogą optymalizować proces fotosyntezy w różnych warunkach świetlnych, poprawiając wydajność i adaptację do środowiska.;0,7281325;56;1,0;1,0;1,0;0,6202078656139255
82;Rośliny regulują fotosyntezę dzięki efektom kwantowym, głównie poprzez kwantową koherencję i tunelowanie elektronów w fotosystemach. Koherencja pozwala na efektywne przekazywanie energii od pigmentów do centrów reakcyjnych, minimalizując straty. Tunelowanie elektronów umożliwia szybkie i wydajne przenikanie przez barierę energetyczną, co zwiększa skuteczność konwersji światła na energię chemiczną. Dzięki tym kwantowym efektywnym procesom rośliny optymalizują wykorzystanie światła i poprawiają efektywność fotosyntezy.;0,6934448;59;1,0;1,0;1,0;0,4208281074920893
83;Rośliny regulują fotosyntezę dzięki efektom kwantowym, takim jak kwantowa koherencja i tunelowanie elektronów. Te zjawiska pozwalają na szybkie i efektywne przenikanie energii przez kompleksy fotosyntetyczne, co zwiększa skuteczność przechwytywania światła i przekazywania energii do centrów reakcyjnych. Dzięki temu rośliny mogą optymalizować proces fotosyntezy nawet w warunkach słabego lub zmiennego oświetlenia.;0,7783203;50;0,625;1,0;1,0;0,4356844960886863
84;Rośliny regulują fotosyntezę dzięki efektom kwantowym, takim jak kwantowe koherentności i tunelowanie elektronów. Koherentne wahania kwantowe pomagają w szybkim i efektywnym transferze energii od chlorofilów do centrów reakcyjnych, minimalizując straty energii. Dzięki temu rośliny mogą precyzyjnie kontrolować, kiedy i jak intensywnie zachodzi fotosynteza, dostosowując się do zmieniających się warunków świetlnych i optymalizując produkcję energii.;0,76064056;54;0,7142857142857143;1,0;1,0;0,7195520464173273
85;Rośliny regulują fotosyntezę dzięki efektom kwantowym, takim jak kwantowa koherencja i tunelowanie elektronów, które poprawiają efektywność przesyłu energii w fotosystemach. Te zjawiska umożliwiają szybkie i precyzyjne przekazywanie energii od pochłoniętego światła do centrów reakcyjnych, co zwiększa skuteczność procesu fotosyntezy nawet w słabych warunkach świetlnych.;0,78354925;44;1,0;1,0;1,0;0,37433723318442347
86;Rośliny regulują fotosyntezę dzięki efektom kwantowym, głównie poprzez kontrolę przepływu energii w fotonach. W chloroplastach, w fotosystemach, specjalne białka i pigmenty (np. chlorofil) umożliwiają precyzyjne kierowanie energii świetlnej do centrów reakcyjnych. Efekty kwantowe, takie jak kwantowa koherencja, pozwalają na efektywną i szybka wymianę energii między molekułami, minimalizując straty i optymalizując proces konwersji energii słonecznej na chemiczną. Dzięki temu rośliny mogą dostosowywać się do zmieniających się warunków świetlnych i maksymalizować fotosyntezę.;0,6582838;70;1,0;1,0;0,0;0,4467160666154876
87;Rośliny regulują fotosyntezę dzięki efektom kwantowym, głównie poprzez kwantową koherencję i kwantowe transfery elektronów. W chlorofilach, które pochłaniają światło, kwantowe zjawiska pozwalają na efektywny i szybki transfer energii między molekułami, minimalizując straty i maksymalizując wydajność fotosyntezy. Dzięki temu rośliny mogą precyzyjnie kontrolować, które fotony są wykorzystywane, co poprawia efektywność konwersji światła na energię chemiczną.;0,8060449;54;1,0;1,0;1,0;0,4268667980652344
88;Rośliny regulują fotosyntezę, korzystając z efektów kwantowych, takich jak kwantowa koherencja i tunelowanie elektronów, które umożliwiają efektywne przenikanie energii świetlnej do reakcji chemicznych w chloroplastach. Te kwantowe zjawiska pomagają roślinom szybko i skutecznie przekształcać światło słoneczne w energię chemiczną, optymalizując proces fotosyntezy nawet w słabych warunkach świetlnych.;0,7603862;47;0,8571428571428571;1,0;0,0;0,6740076726001095
89;Rośliny regulują fotosyntezę dzięki efektom kwantowym, takim jak kwantowe transfery energii. W chlorofilach, które pochłaniają światło, kwanty energii (fotonów) są szybko przekazywane między molekułami za pomocą efektów kwantowego tunelowania i superpozycji. Te zjawiska umożliwiają roślinom maksymalizację efektywności pochłaniania światła i kierowania energii do centrów reakcyjnych, co pozwala na precyzyjną regulację procesu fotosyntezy w odpowiedzi na zmieniające się warunki świetlne.;0,7894997;59;0,7142857142857143;1,0;1,0;0,4974074423693913
90;Rośliny regulują fotosyntezę dzięki efektom kwantowym, takim jak kwantowe przejścia i koherencja, które zwiększają efektywność pochłaniania światła i przekazywania energii. Dzięki temu kwantowe zjawiska pozwalają na szybkie i skuteczne przekazywanie energii od pigmentów do reakcyjnych centrum fotosyntetycznego, co optymalizuje proces fotosyntezy nawet w słabym świetle.;0,7638272;45;1,0;1,0;0,0;0,41980369721575156
91;Rośliny regulują fotosyntezę, korzystając z efektów kwantowych, głównie zjawiska kwantowego przełączania stanów i kwantowego transportu energii. W chloroplastach, w tzw. kompleksach reakcyjnych, światło pobudza cząsteczki chlorofilu do przejścia w stan wzbudzony. Efekty kwantowe umożliwiają efektywny i szybki transfer energii między tymi cząsteczkami, minimalizując straty i kierując energię do centrum reakcyjnego. Dzięki temu rośliny mogą precyzyjnie regulować intensywność fotosyntezy, dostosowując się do zmieniających się warunków świetlnych i optymalizując produkcję energii chemicznej.;0,7326036;70;1,0;1,0;1,0;0,42569453199069357
92;Rośliny regulują fotosyntezę dzięki efektom kwantowym, głównie poprzez wykorzystanie kwantowej koherencji i tunelowania w fotosyntetycznych kompleksach. Kwantowa koherencja pozwala na efektywny transfer energii od anteny świetlnej do centrum reakcyjnego, minimalizując straty i zwiększając skuteczność pochłaniania światła. To umożliwia roślinom dynamiczne dostosowywanie się do zmieniających się warunków świetlnych, optymalizując proces fotosyntezy na poziomie kwantowym.;0,77658075;53;0,8571428571428571;1,0;1,0;0,7384976016233695
93;Rośliny regulują fotosyntezę korzystając z efektów kwantowych, głównie poprzez zjawisko kwantowej koherencji i kwantowego transferu energii. W fotonach i kompleksach reakcyjnych chlorofilu zachodzą procesy, które pozwalają na skuteczne i szybkie przekazywanie energii z miejsca pochłonięcia światła do centrów reakcyjnych. Dzięki kwantowej koherencji rośliny mogą optymalizować ścieżki transferu energii, minimalizując straty i zwiększając efektywność fotosyntezy nawet w słabym świetle. W ten sposób efekt kwantowy pozwala na precyzyjną regulację i adaptację procesu fotosyntezy do zmiennych warunków środowiskowych.;0,7136943;75;1,0;1,0;0,0;0,33635806844935623
94;Rośliny regulują fotosyntezę dzięki efektom kwantowym, takim jak kwantowa koherencja i tunelowanie elektronów, które zwiększają efektywność transferu energii w fotosyntetycznych kompleksach. Dzięki temu światło jest skuteczniej absorbowane i przekazywane do reakcji chemicznych, co pozwala roślinom na efektywniejsze korzystanie z dostępnego światła, nawet w słabych warunkach.;0,8245157;45;1,0;1,0;1,0;0,47771287478172775
95;Rośliny regulują fotosyntezę dzięki efektom kwantowym, takim jak kwantowe przejścia elektronów i korelacje między nimi. W chloroplastach, fotony pochłaniane przez chlorofil wywołują kwantowe stany energetyczne, które umożliwiają skuteczne przekazywanie energii do reakcji chemicznych. Efekty kwantowe zwiększają efektywność transferu energii, minimalizując straty i pozwalając roślinom optymalnie dostosować proces fotosyntezy do warunków świetlnych.;0,7976232;51;1,0;1,0;0,0;0,566112247536376
96;Rośliny regulują fotosyntezę dzięki efektom kwantowym, głównie poprzez kwantowe właściwości fotonów i transfer energii w chloroplastach. Po pochłonięciu fotonu, energia jest przenoszona w postaci kwantów do centrum reakcyjnego w fotosystemach, co pozwala na efektywne i szybkie przekazywanie energii. Efekty kwantowe, takie jak kwantowa koherencja, pomagają roślinom optymalnie wykorzystywać dostępne światło, zwiększając skuteczność fotosyntezy i dostosowując się do zmieniających się warunków świetlnych.;0,7410893;61;1,0;1,0;1,0;0,6053181407347402
97;Rośliny regulują fotosyntezę dzięki efektom kwantowym, takim jak kwantowa koherencja i tunelowanie elektronów. Koherencja pozwala na optymalne przemieszczanie się elektronów przez kompleksy fotosyntetyczne, zwiększając efektywność pochłaniania światła i przekazywania energii do centrów reakcyjnych. Dzięki temu rośliny mogą szybciej i skuteczniej wykorzystywać dostępne promieniowanie słoneczne, co poprawia ich zdolność do fotosyntezy.;0,77595544;50;0,875;1,0;1,0;0,44390797597614623
98;Rośliny regulują fotosyntezę korzystając z efektów kwantowych, głównie zjawiska kwantowego przełączania i koherencji. Fotony pochłonięte przez chlorofile wywołują stan kwantowej superpozycji, co umożliwia szybki i efektywny transfer energii do centrali fotosyntetycznej. Dzięki temu rośliny optymalizują wykorzystanie światła, minimalizując straty energii i poprawiając skuteczność procesu fotosyntezy.;0,80161774;45;1,0;1,0;0,0;0,5576964334548449
99;Rośliny regulują fotosyntezę dzięki efektom kwantowym, takim jak kwantowa koherencja i tunelowanie elektronów. Koherencja pozwala na wydajne przesyłanie energii świetlnej w kompleksach fotosyntetycznych, minimalizując straty i zwiększając efektywność pochłaniania światła. Tunelowanie elektronów umożliwia szybkie i skuteczne przenikanie elektronów przez błony komórkowe, co poprawia proces przekształcania energii słonecznej na chemiczną. Dzięki tym efektom kwantowym rośliny mogą optymalizować swoją fotosyntezę nawet w warunkach słabego oświetlenia.;0,7100544;63;1,0;1,0;1,0;0,4354631401959205
100;Rośliny regulują fotosyntezę dzięki efektom kwantowym, głównie poprzez wykorzystanie kwantowego tunelowania i koherencji w fotosyntetycznych kompleksach. Proces ten pozwala na skuteczne przesyłanie energii świetlnej od chlorofilów do centrum reakcyjnego, minimalizując straty energii. Koherencja kwantowa umożliwia jednoczesne rozpoznawanie wielu ścieżek transferu energii, co zwiększa jego wydajność i pozwala roślinom optymalnie reagować na dostępne warunki świetlne. Tym samym kwantowe efekty odgrywają kluczową rolę w precyzyjnym i efektywnym regulowaniu procesu fotosyntezy.;0,752387;68;0,5714285714285714;1,0;1,0;0,5198916790531511
